pId|hOrganization|qualification|roleName
1|Government|SrHigh|Employee
2|NGO|Masters|TeamLead
3|ServiceProvider |SrHigh|TeamLead
4|Hospital|SrHigh|TeamLead
5|Hospital|Masters|Head
6|ServiceProvider |Bachelors|TeamLead
7|Government|Bachelors|Head
8|Hospital|Bachelors|Employee
9|Hospital|SrHigh|TeamLead
10|NGO|Masters|Employee
11|Government|Bachelors|TeamLead
12|Analysts|Masters|TeamLead
13|NGO|Bachelors|Employee
14|Hospital|Masters|Employee
15|Government|Bachelors|Head
16|Hospital|Bachelors|Head
17|NGO|Bachelors|TeamLead
18|NGO|SrHigh|TeamLead
19|Government|SrHigh|Employee
20|NGO|SrHigh|TeamLead
