zip|city|state|addrid|block|street
17984|Serang|Banten|1|U6|2815 Fusce Rd.
93947|Magangué|BOL|2|T4|270-1862 Sed St.
11146|Kano|Kano|3|L1|946-7207 Pellentesque St.
32868|Tongyeong|South Gyeongsang|4|Y5|7415 Sed Ave
83759|Calbuco|Los Lagos|5|V4|8817 Sodales. St.
66778|San Juan del Río|Querétaro|6|Y3|7802 Aliquam Ave
99246|Pachuca|Hgo|7|S9|Ap #828-5629 A, Road
69702|Huelva|Andalucía|8|Q9|116-7752 Eget Avenue
11171|Stalhille|West-Vlaanderen|9|L7|938-9059 Cras St.
58623|Vienna|Vienna|10|Z6|Ap #234-9559 Sapien. Rd.
46763|Blue Mountains|New South Wales|11|Q9|P.O. Box 712, 584 Quam St.
58162|Napier|North Island|12|Y8|Ap #117-9803 Aliquet, Street
74547|Piracicaba|São Paulo|13|V5|3945 Nunc Road
84047|Indianapolis|Indiana|14|K6|P.O. Box 127, 8662 A, Avenue
46226|Belfast|U|15|T7|193-6372 Lobortis Rd.
58780|Avesta|Dalarnas län|16|H3|158-5145 Duis Rd.
80551|Suwon|Gye|17|I1|Ap #729-510 Cursus St.
39867|Bekasi|West Java|18|Y6|9568 Quam. St.
36484|Savannah|Georgia|19|P6|P.O. Box 734, 6187 Proin Road
66337|León|Gto|20|V3|P.O. Box 949, 6858 Amet, Road
15953|Quesada|Alajuela|21|M0|P.O. Box 814, 8339 Dignissim St.
22198|Huancayo|JUN|22|J4|P.O. Box 387, 1109 In St.
98891|Caplan|QC|23|Y1|969-3675 Ac Av.
88132|San Pedro|San José|24|O4|P.O. Box 400, 5019 Cursus Rd.
60080|Rajapalaiyam|Tamil Nadu|25|P8|218-3023 Hendrerit Ave
51576|Rostov|ROS|26|L0|P.O. Box 767, 3955 Mus. Ave
23474|Dublin|L|27|S5|P.O. Box 815, 3707 Libero Ave
92559|Independencia|RM|28|K2|518-8859 Dis St.
58565|Kisi|OY|29|D8|8453 Massa. St.
90116|Palmerston North|NI|30|G8|1810 Aliquam Rd.
88076|Katowice|SL|31|V0|Ap #726-1568 Fermentum Street
96121|Hawera|North Island|32|K1|2302 Eros. St.
38667|Sullana|PIU|33|W4|P.O. Box 556, 2518 Cursus St.
43061|Zierikzee|Zl|34|L0|660-7663 Magnis Avenue
16818|Tomohon|SA|35|J8|117-5875 Massa. Rd.
76153|Çeşme|İzm|36|J5|P.O. Box 448, 1579 Consequat St.
55938|Edam|N.|37|C5|P.O. Box 612, 4259 Turpis St.
25925|Cascavel|PR|38|W2|Ap #332-8173 Ipsum Av.
66531|Norman|OK|39|N9|P.O. Box 690, 2563 Porta Ave
30830|Blenheim|South Island|40|O6|Ap #333-3036 Tempor Avenue
20768|Te Puke|NI|41|C0|Ap #507-3530 Nisi Avenue
41929|Montbéliard|Franche-Comté|42|C2|P.O. Box 199, 8220 Morbi St.
87438|Oaxaca|Oaxaca|43|A8|7227 Convallis St.
14976|Upplands Väsby|AB|44|T5|P.O. Box 854, 5242 Quisque Av.
71442|Vienna|Vienna|45|U6|P.O. Box 251, 377 Et St.
12807|Townsville|Queensland|46|D5|P.O. Box 673, 8957 Interdum Avenue
36718|San Marcello Pistoiese|TOS|47|Y7|P.O. Box 860, 4952 Ornare Street
74423|Vienna|Wie|48|G1|502-3493 Arcu. Avenue
93114|Chiavari|LIG|49|L7|9982 Egestas Rd.
67812|Oamaru|South Island|50|U5|581-3873 Magnis Rd.
47459|Independencia|RM|51|J0|4078 Dolor, Road
33350|Vienna|Wie|52|Z7|337 Sit Av.
96920|Alingsås|O|53|I6|P.O. Box 245, 4836 Diam Av.
83645|Horsham|Victoria|54|J2|Ap #521-4099 Risus. Street
74087|Chulucanas|Piura|55|S7|Ap #230-5300 Ipsum St.
91668|Nashik|Maharastra|56|O8|1876 Interdum Street
79076|Redcliffe|QLD|57|W4|463-5760 Dignissim Avenue
26978|Tarma|Junín|58|Q1|P.O. Box 227, 9544 Enim, St.
35757|Kansas City|MO|59|U8|P.O. Box 335, 5237 Faucibus Av.
54080|Pachuca|Hidalgo|60|H7|2732 Felis Rd.
84609|Vienna|Wie|61|B8|Ap #190-1180 Facilisis, St.
46389|Chagai|BL|62|S4|Ap #861-4808 Non, Street
20699|Ulloa (Barrial)|H|63|H8|5867 Parturient Av.
63334|Belfast|Ulster|64|B4|P.O. Box 203, 3918 Turpis St.
24281|Lunel|Languedoc-Roussillon|65|F4|P.O. Box 767, 5446 Ullamcorper, Av.
82756|Jambi|Jambi|66|U0|P.O. Box 677, 1569 Mollis Rd.
11513|Uyo|Akwa Ibom|67|J5|P.O. Box 268, 3111 Consequat Street
71986|Cornwall|ON|68|J9|675-2995 Ullamcorper. Av.
55376|Vienna|Vienna|69|H5|P.O. Box 222, 3020 Ad Rd.
90129|Cartagena|BOL|70|H5|P.O. Box 681, 4311 Libero Street
20169|Murcia|MU|71|Z1|P.O. Box 447, 6178 Vitae St.
77508|Drayton Valley|Alberta|72|B5|P.O. Box 249, 4390 Aliquet Avenue
57264|Jeonju|Jeo|73|S6|356-6337 Adipiscing Street
88977|Saratov|Saratov Oblast|74|H4|Ap #943-6297 Amet Av.
22691|Guarulhos|SP|75|M8|360-2476 Sem Street
70504|Matamata|NI|76|F8|530-7694 Vitae, Av.
50111|Puno|PUN|77|O4|794-8734 In Ave
31940|Uddevalla|Västra Götalands län|78|V8|186-2920 Diam Ave
71230|Cartagena|Murcia|79|Q1|8148 Velit Av.
16418|Nazilli|Ayd|80|C8|264-4315 Pharetra. Av.
87724|Tarma|Junín|81|T8|1462 Eleifend. Rd.
96440|Lleida|CA|82|B8|3103 Velit Road
30529|Grimsby|Lincolnshire|83|S5|6757 Mauris Rd.
23623|Carapicuíba|São Paulo|84|Q4|Ap #839-6374 Odio Street
13531|Jabalpur|Madhya Pradesh|85|D5|P.O. Box 181, 5478 Non Road
91288|Vienna|Vienna|86|M6|340-4963 Elit. St.
77515|Acquafredda|Lombardia|87|S7|P.O. Box 278, 8984 Erat Street
77632|Saharanpur|Uttar Pradesh|88|R0|Ap #843-8962 Metus Av.
90408|Şereflikoçhisar|Ank|89|I0|Ap #149-2632 Sed Avenue
88707|Rostov|ROS|90|Q3|Ap #660-4965 Volutpat. Ave
12109|Nonsan|Chu|91|W0|1883 Nisl. St.
70302|Łomża|PD|92|R7|7632 Sed, Road
18851|Sujawal|PU|93|Z6|P.O. Box 885, 7854 Neque Street
85740|Belfast|U|94|T2|P.O. Box 519, 7452 Vitae Rd.
48108|Apartadó|ANT|95|L6|1024 Fringilla Street
36565|Ciudad Apodaca|Nuevo León|96|E7|671-3571 Mus. St.
32099|Galway|C|97|U9|Ap #250-3243 Posuere Street
98172|Vienna|Vienna|98|T0|Ap #844-6385 Ligula. Ave
80757|Carmen de Bolivar|Bolívar|99|U0|1928 Est Avenue
32220|Burhaniye|Bal|100|U3|199-8814 Auctor. Avenue