pid|healthReportValidated|typeOfTreatment|recovered
26|Yes|Ward|No
45|Yes|ICU|Yes
21|Yes|Ventilator|No
40|Yes|Ward|Yes
35|Yes|SelfIsolation|Yes
41|Yes|SelfIsolation|No
21|Yes|ICU|Yes
46|Yes|Ventilator|No
36|Yes|Ventilator|No
42|Yes|ICU|No
22|Yes|Ventilator|No
34|Yes|Ward|No
33|Yes|ICU|No
44|Yes|Ventilator|Yes
48|Yes|ICU|Yes
39|Yes|Ventilator|No
28|Yes|SelfIsolation|Yes
29|Yes|ICU|Yes
27|Yes|ICU|No
27|Yes|ICU|No
39|Yes|Ventilator|No
36|Yes|Ward|No
50|Yes|Ward|No
47|Yes|ICU|No
22|Yes|ICU|No
23|Yes|ICU|No
45|Yes|ICU|No
47|Yes|Ward|Yes
40|Yes|ICU|No
45|Yes|Ward|Yes
41|Yes|Ventilator|No
50|Yes|Ventilator|No
42|Yes|SelfIsolation|Yes
50|Yes|Ventilator|Yes
34|Yes|Ward|No
42|Yes|ICU|Yes
44|Yes|Ward|Yes
34|Yes|ICU|Yes
23|Yes|ICU|No
47|Yes|ICU|No
46|Yes|Ward|No
42|Yes|ICU|Yes
30|Yes|ICU|Yes
27|Yes|ICU|No
30|Yes|Ventilator|No
36|Yes|SelfIsolation|Yes
33|Yes|Ward|No
41|Yes|Ward|Yes
21|Yes|SelfIsolation|No
43|Yes|Ventilator|Yes
35|Yes|Ward|Yes
37|Yes|Ward|No
23|Yes|ICU|No
50|Yes|Ward|Yes
43|Yes|Ventilator|No
30|Yes|Ventilator|Yes
26|Yes|Ward|Yes
42|Yes|Ward|No
46|Yes|Ward|No
29|Yes|Ventilator|Yes
43|Yes|ICU|Yes
24|Yes|SelfIsolation|No
29|Yes|Ventilator|Yes
29|Yes|SelfIsolation|Yes
23|Yes|Ventilator|No
27|Yes|Ventilator|Yes
30|Yes|SelfIsolation|Yes
41|Yes|Ward|Yes
30|Yes|Ward|Yes
28|Yes|ICU|Yes
23|Yes|ICU|No
22|Yes|ICU|No
42|Yes|ICU|No
49|Yes|Ventilator|No
40|Yes|SelfIsolation|No
31|Yes|Ward|No
21|Yes|Ward|No
26|Yes|SelfIsolation|Yes
46|Yes|Ward|No
44|Yes|Ventilator|Yes
38|Yes|SelfIsolation|Yes
47|Yes|Ventilator|No
34|Yes|ICU|No
39|Yes|ICU|No
48|Yes|SelfIsolation|Yes
24|Yes|Ventilator|No
24|Yes|Ventilator|Yes
48|Yes|SelfIsolation|No
39|Yes|SelfIsolation|Yes
31|Yes|SelfIsolation|Yes
24|Yes|SelfIsolation|Yes
36|Yes|Ward|Yes
22|Yes|ICU|Yes
26|Yes|SelfIsolation|Yes
39|Yes|ICU|No
28|Yes|Ward|No
48|Yes|ICU|No
47|Yes|Ventilator|Yes
25|Yes|SelfIsolation|No
39|Yes|Ventilator|No